Dependent	HypothesisType	Source	DF	SS	MS	FValue	ProbF
fac3	1	group	2	1599.078399	799.539200	770.26	<.0001
fac3	3	group	2	1599.078399	799.539200	770.26	<.0001
