Dependent	HypothesisType	Source	DF	SS	MS	FValue	ProbF
fac1	1	source	1	41886.98847	41886.98847	801.38	<.0001
fac1	3	source	1	41886.98847	41886.98847	801.38	<.0001
