Dependent	HypothesisType	Source	DF	SS	MS	FValue	ProbF
fac2	1	source	1	1111.757061	1111.757061	1084.63	<.0001
fac2	3	source	1	1111.757061	1111.757061	1084.63	<.0001
