Dependent	RSquare	CV	RootMSE	DepMean
fac3	0.153967	152.6714	1.018831	0.667336
