Dependent	RSquare	CV	RootMSE	DepMean
fac2	0.254473	351.0189	0.928534	0.264525
