Dependent	HypothesisType	Source	DF	SS	MS	FValue	ProbF
fac3	1	source	1	426.6318636	426.6318636	362.66	<.0001
fac3	3	source	1	426.6318636	426.6318636	362.66	<.0001
