Dependent	HypothesisType	Source	DF	SS	MS	FValue	ProbF
fac3	1	model	1	1593.197121	1593.197121	1687.64	<.0001
fac3	3	model	1	1593.197121	1593.197121	1687.64	<.0001
