Dependent	HypothesisType	Source	DF	SS	MS	FValue	ProbF
fac2	1	prompt	2	2491.153022	1245.576511	1444.69	<.0001
fac2	3	prompt	2	2491.153022	1245.576511	1444.69	<.0001
