Effect	group	N	Mean fac1	SD fac1
group	generic_gpt	2855	29.8928196	19.8125165
group	human	2845	12.8165202	8.9167943
group	summary_guided_gpt	2852	17.0995792	11.4228647
