Effect	model	N	Mean fac3	SD fac3
model	gpt	5707	-0.68372175	1.07875298
model	human	2845	0.23233743	0.70944625
