Effect	source	N	Mean fac1	SD fac1
source	ai	5707	23.4995619	17.3912562
source	human	2845	12.8165202	8.9167943
