Effect	model	N	Mean fac2	SD fac2
model	gpt	5707	4.15664973	4.81497757
model	human	2845	6.30123023	4.91484611
