Effect	source	N	Mean fac3	SD fac3
source	ai	5707	-0.68372175	1.07875298
source	human	2845	0.23233743	0.70944625
