Effect	group	N	Mean fac1	SD fac1
group	generic_gpt	2855	13.9996497	9.39171308
group	human	2787	6.1593111	4.31175899
group	summary_guided_gpt	2826	7.7533616	5.43873661
