Effect	source	N	Mean fac2	SD fac2
source	ai	5707	4.15664973	4.81497757
source	human	2845	6.30123023	4.91484611
