Effect	source	N	Mean fac3	SD fac3
source	ai	5681	0.51012146	1.02225827
source	human	2787	0.98780050	1.20175530
