Effect	source	N	Mean fac1	SD fac1
source	ai	5681	10.8924485	8.29378358
source	human	2787	6.1593111	4.31175899
