Effect	model	N	Mean fac2	SD fac2
model	gpt	5681	0.01073755	0.97777638
model	human	2787	0.78184428	1.07962952
