Effect	prompt	N	Mean fac2	SD fac2
prompt	generic	2855	1.50262697	2.49721150
prompt	human	2845	6.30123023	4.91484611
prompt	summary_guided	2852	6.81346424	5.10324011
