Effect	model	N	Mean fac1	SD fac1
model	gpt	5707	23.4995619	17.3912562
model	human	2845	12.8165202	8.9167943
