Dependent	RSquare	CV	RootMSE	DepMean
fac2	0.041636	99.55517	4.848425	4.870089
