Dependent	RSquare	CV	RootMSE	DepMean
fac3	0.286085	-237.0551	0.898381	-0.378976
