Dependent	RSquare	CV	RootMSE	DepMean
fac3	0.041078	162.5286	1.084612	0.667336
