Dependent	RSquare	CV	RootMSE	DepMean
fac1	0.207593	71.08205	14.17776	19.94563
