Dependent	RSquare	CV	RootMSE	DepMean
fac2	0.113567	382.7332	1.012426	0.264525
