Dependent	RSquare	CV	RootMSE	DepMean
fac2	0.233519	89.03785	4.336222	4.870089
