Dependent	RSquare	CV	RootMSE	DepMean
fac3	0.164846	-256.3798	0.971617	-0.378976
