Dependent	RSquare	CV	RootMSE	DepMean
fac1	0.086473	77.44987	7.229691	9.334672
