Dependent	RSquare	CV	RootMSE	DepMean
fac1	0.099915	75.75340	15.10949	19.94563
