Dependent	RSquare	CV	RootMSE	DepMean
fac1	0.200867	72.44282	6.762299	9.334672
