Effect	source	N	Mean fac2	SD fac2
source	ai	5681	0.01073755	0.97777638
source	human	2787	0.78184428	1.07962952
